,ID,Updated,Confirmed,ConfirmedChange,Deaths,DeathsChange,Recovered,RecoveredChange,Latitude,Longitude,ISO2,ISO3,Country_Region,AdminRegion1,AdminRegion2,Country_Population,Yearly Change,Net Change,Density (P/Km²),Land Area (Km²),Migrants (net),Fert. Rate,Med. Age,Urban Pop %,World Share,State,AdminRegion1 Pop,County_State,County,Density,CTYPOP,Case Ratio,Country Pop Density
231,23621142,6/1/2020,16509,759,270,5,1428,100,33.83114,66.02471,AF,AFG,Afghanistan,,,38742911,2.33%,886592,60,652860,-62920,4.6,18,25%,0.50%,,,,,,,0.042611666,23.166
317,22918589,6/1/2020,1143,6,33,0,877,5,41.13929,20.06431,AL,ALB,Albania,,,2878420,-0.11%,-3120,105,27400,-14000,1.6,36,63%,0.04%,,,,,,,0.039709285,40.5405
415,23290562,6/1/2020,9513,119,661,8,5894,146,28.15509,2.67875,DZ,DZA,Algeria,,,43685618,1.85%,797990,18,2381740,-10000,3.1,29,73%,0.56%,,,,,,,0.021776045,6.9498
576,22918610,6/1/2020,765,1,51,0,698,6,42.5453,1.57629,AD,AND,Andorra,,,77240,0.16%,123,164,470,,N.A.,N.A.,88%,0.00%,,,,,,,0.990419472,63.3204
648,22918667,6/1/2020,86,1,4,0,18,0,-12.33292,17.57284,AO,AGO,Angola,,,32644783,3.27%,1040977,26,1246700,6413,5.6,17,67%,0.42%,,,,,,,0.000263442,10.0386
709,22918713,6/1/2020,3,0,0,0,3,0,18.21482,-63.0547,AI,AIA,Anguilla,,,14976,0.90%,134,167,90,,N.A.,N.A.,N.A.,0.00%,,,,,,,0.020032051,64.4787
787,22918978,6/1/2020,26,0,3,0,19,0,17.07767,-61.79871,AG,ATG,Antigua and Barbuda,,,97764,0.84%,811,223,440,0,2,34,26%,0.00%,,,,,,,0.026594657,86.1003
878,23417596,6/1/2020,17402,564,556,17,5336,548,-35.18115,-65.09386,AR,ARG,Argentina,,,45111229,0.93%,415097,17,2736690,4800,2.3,32,93%,0.58%,,,,,,,0.038575761,6.5637
1887,23653732,6/1/2020,10009,517,158,19,3402,16,40.29264,44.93948,AM,ARM,Armenia,,,2962137,0.19%,5512,104,28470,-4998,1.8,35,63%,0.04%,,,,,,,0.337897943,40.1544
1968,22918961,6/1/2020,101,0,3,0,98,0,12.50914,-69.97044,AW,ABW,Aruba,,,106675,0.43%,452,593,180,201,1.9,41,44%,0.00%,,,,,,,0.094680103,228.9573
2097,23125926,6/1/2020,7204,9,103,0,6620,6,-25.57894,134.3597,AU,AUS,Australia,,,25439164,1.18%,296686,3,7682300,158246,1.8,38,86%,0.33%,,,,,,,0.028318541,1.1583
2670,23274096,6/1/2020,16733,2,668,0,15596,3,47.58709,14.14129,AT,AUT,Austria,,,8996022,0.57%,51296,109,82409,65000,1.5,43,57%,0.12%,,,,,,,0.186004436,42.0849
3190,22489432,6/1/2020,5494,0,68,5,3508,80,40.35964,47.6524,AZ,AZE,Azerbaijan,,,10120555,0.91%,91459,123,82658,1200,2.1,32,56%,0.13%,,,,,,,0.05428556,47.4903
3269,22918663,6/1/2020,102,0,11,0,48,0,24.67954,-78.055,BS,BHS,Bahamas,,,392477,0.97%,3762,39,10010,1000,1.8,32,86%,0.01%,,,,,,,0.025988784,15.0579
3368,23582264,6/1/2020,11871,473,19,0,7076,403,26.08925,50.56277,BH,BHR,Bahrain,,,1688629,3.68%,60403,2239,760,47800,2,32,89%,0.02%,,,,,,,0.702996336,864.4779
3455,23320052,6/1/2020,49534,2381,672,22,10597,816,23.80488,90.27921,BD,BGD,Bangladesh,,,164354176,1.01%,1643222,1265,130170,-369501,2.1,28,39%,2.11%,,,,,,,0.030138571,488.4165
3533,22918963,6/1/2020,92,0,7,0,76,0,13.17222,-59.55642,BB,BRB,Barbados,,,287305,0.12%,350,668,430,-79,1.6,40,31%,0.00%,,,,,,,0.032021719,257.9148
3628,23186731,6/1/2020,43403,847,240,5,18776,262,53.5422,28.05012,BY,BLR,Belarus,,,9449940,-0.03%,-3088,47,202910,8730,1.7,40,79%,0.12%,,,,,,,0.459293921,18.1467
3748,23272492,6/1/2020,58517,136,9486,19,15919,32,50.64119,4.66057,BE,BEL,Belgium,,,11579477,0.44%,50295,383,30280,48000,1.7,42,98%,0.15%,,,,,,,0.505350976,147.8763
3818,22918693,6/1/2020,18,0,2,0,16,0,17.20055,-88.70707,BZ,BLZ,Belize,,,396120,1.86%,7275,17,22810,1200,2.3,25,46%,0.01%,,,,,,,0.004544078,6.5637
3893,22918642,6/1/2020,243,11,3,0,147,4,9.65606,2.33958,BJ,BEN,Benin,,,12055347,2.73%,322049,108,112760,-2000,4.9,19,48%,0.16%,,,,,,,0.002015703,41.6988
3957,22918944,6/1/2020,141,1,9,0,112,20,32.39096,-64.67506,BM,BMU,Bermuda,,,62323,-0.36%,-228,1246,50,,N.A.,N.A.,97%,0.00%,,,,,,,0.226240714,481.0806
4041,22918676,6/1/2020,43,0,0,0,6,0,27.41688,90.43476,BT,BTN,Bhutan,,,769867,1.12%,8516,20,38117,320,2,28,46%,0.01%,,,,,,,0.00558538,7.722
4126,22918527,6/1/2020,9982,0,313,0,986,97,-16.71465,-64.65779,BO,BOL,Bolivia,,,11640159,1.39%,159921,11,1083300,-9504,2.8,26,69%,0.15%,,,,,,,0.085754842,4.2471
4381,22918561,6/1/2020,2524,14,154,1,1888,26,44.16825,17.78525,BA,BIH,Bosnia and Herzegovina,,,3284806,-0.61%,-20181,64,51000,-21585,1.3,43,52%,0.04%,,,,,,,0.076838632,24.7104
4443,22918679,6/1/2020,38,3,1,0,20,0,-22.18724,23.81454,BW,BWA,Botswana,,,2341649,2.08%,47930,4,566730,3000,2.9,24,73%,0.03%,,,,,,,0.001622788,1.5444
4540,23463356,6/1/2020,526447,11598,29937,623,211080,4525,-10.7768,-53.06805,BR,BRA,Brazil,,,212253150,0.72%,1509890,25,8358140,21200,1.7,33,88%,2.73%,,,,,,,0.248027886,9.6525
5904,22918709,6/1/2020,8,0,1,0,7,0,18.42354,-64.62605,VG,VGB,British Virgin Islands,,,30190,0.67%,201,202,150,,N.A.,N.A.,52%,0.00%,,,,,,,0.026498841,77.9922
5989,22918653,6/1/2020,141,0,2,0,138,0,4.49691,114.6308,BN,BRN,Brunei,,,436624,0.97%,4194,83,5270,0,1.8,32,80%,0.01%,,,,,,,0.032293232,32.0463
6076,23600814,6/1/2020,2519,6,140,0,1090,16,42.75709,25.2387,BG,BGR,Bulgaria,,,6958627,-0.74%,-51674,64,108560,-4800,1.6,45,76%,0.09%,,,,,,,0.03619967,24.7104
6161,22918605,6/1/2020,847,0,53,0,719,0,12.28545,-1.74418,BF,BFA,Burkina Faso,,,20780371,2.86%,581895,76,273600,-25000,5.2,18,31%,0.27%,,,,,,,0.004075962,29.3436
6224,22918672,6/1/2020,63,0,1,0,33,0,-3.36731,29.88819,BI,BDI,Burundi,,,11814346,3.12%,360204,463,25680,2001,5.5,17,14%,0.15%,,,,,,,0.00053325,178.7643
6297,22918623,6/1/2020,458,23,4,0,210,17,15.08363,-23.62467,CV,CPV,Cabo Verde,,,554750,1.10%,6052,138,4030,-1342,2.3,28,68%,0.01%,,,,,,,0.082559712,53.2818
6424,22918658,6/1/2020,125,0,0,0,123,0,12.71077,104.9168,KH,KHM,Cambodia,,,16671185,1.41%,232423,95,176520,-30000,2.5,26,24%,0.21%,,,,,,,0.000749797,36.6795
6512,22918540,6/1/2020,6397,247,199,8,3629,61,5.69714,12.74234,CM,CMR,Cameroon,,,26405174,2.59%,669483,56,472710,-4800,4.6,19,56%,0.34%,,,,,,,0.024226313,21.6216
6641,23455601,6/1/2020,91705,759,7326,31,49235,356,62.53604,-96.38835,CA,CAN,Canada,,,37674770,0.89%,331107,4,9093510,242032,1.5,41,81%,0.48%,,,,,,,0.243412236,1.5444
7782,22918654,6/1/2020,141,0,1,0,68,0,19.31852,-81.24377,KY,CYM,Cayman Islands,,,65564,1.19%,774,274,240,,N.A.,N.A.,97%,0.00%,,,,,,,0.215057043,105.7914
7857,22918594,6/1/2020,1069,58,4,2,23,0,6.57575,20.48409,CF,CAF,Central African Republic,,,4812256,1.78%,84582,8,622980,-40000,4.8,18,43%,0.06%,,,,,,,0.022214113,3.0888
7930,22918608,6/1/2020,790,12,66,1,539,48,15.36843,18.66713,TD,TCD,Chad,,,16324440,3.00%,478988,13,1259200,2000,5.8,17,23%,0.21%,,,,,,,0.00483937,5.0193
8021,23331390,6/1/2020,105159,5471,1113,59,44946,2219,-35.23201,-71.21883,CL,CHL,Chile,,,19082804,0.87%,164163,26,743532,111708,1.7,35,85%,0.25%,,,,,,,0.551066814,10.0386
10321,23477590,6/1/2020,30493,1110,969,30,6111,0,3.90645,-73.07503,CO,COL,Colombia,,,50771878,1.08%,543448,46,1109500,204796,1.8,31,80%,0.65%,,,,,,,0.060058838,17.7606
11574,22918662,6/1/2020,106,0,2,0,26,0,-11.66255,43.35422,KM,COM,Comoros,,,865696,2.20%,18715,467,1861,-2000,4.2,20,29%,0.01%,,,,,,,0.012244483,180.3087
11788,22918597,6/1/2020,1056,5,10,0,669,23,9.97484,-84.19386,CR,CRI,Costa Rica,,,5084636,0.92%,46557,100,51060,4200,1.8,33,80%,0.07%,,,,,,,0.020768448,38.61
15119,23643210,6/1/2020,2951,118,33,0,1467,32,7.62284,-5.55256,CI,CIV,Côte d'Ivoire,,,26239250,2.57%,661730,83,318000,-8000,4.7,19,51%,0.34%,,,,,,,0.01124651,32.0463
15218,23134209,6/1/2020,2246,0,103,0,2077,5,45.14007,16.4273,HR,HRV,Croatia,,,4110214,-0.61%,-25037,73,55960,-8001,1.4,44,58%,0.05%,,,,,,,0.054644357,28.1853
15300,22918567,6/1/2020,2083,38,83,0,1826,17,21.61052,-78.96027,CU,CUB,Cuba,,,11327988,-0.06%,-6867,106,106440,-14400,1.6,42,78%,0.15%,,,,,,,0.018388084,40.9266
15382,23585753,6/1/2020,20,1,1,0,14,0,12.19239,-68.97065,CW,CUW,Curaçao,,,163958,0.41%,669,370,444,515,1.8,42,89%,0.00%,,,,,,,0.012198246,142.857
15468,22918661,6/1/2020,108,0,4,0,104,0,34.91741,32.95891,CY,CYP,Cyprus,,,1205577,0.73%,8784,131,9240,5000,1.3,37,67%,0.02%,,,,,,,0.008958366,50.5791
16387,23247030,6/1/2020,11899,30,576,2,10412,50,56.26228,9.33636,DK,DNK,Denmark,,,5788108,0.35%,20326,137,42430,15200,1.8,42,88%,0.07%,,,,,,,0.205576675,52.8957
16696,22918553,6/1/2020,3569,215,24,0,1521,17,11.73109,42.57911,DJ,DJI,Djibouti,,,985027,1.48%,14440,43,23180,900,2.8,27,79%,0.01%,,,,,,,0.362325094,16.6023
16764,22918698,6/1/2020,16,0,0,0,16,0,15.43466,-61.35007,DM,DMA,Dominica,,,71950,0.25%,178,96,750,,N.A.,N.A.,74%,0.00%,,,,,,,0.022237665,37.0656
16857,23261991,6/1/2020,17752,180,515,13,10893,1336,18.89733,-70.49994,DO,DOM,Dominican Republic,,,10825682,1.01%,108952,225,48320,-30000,2.4,28,85%,0.14%,,,,,,,0.163980431,86.8725
18236,23577000,6/1/2020,39994,896,3394,36,3900,0,-1.46557,-78.39721,EC,ECU,Ecuador,,,17587526,1.55%,269392,71,248360,36400,2.4,28,63%,0.23%,,,,,,,0.227399806,27.4131
19373,23347531,6/1/2020,26384,1399,1005,46,7149,339,26.57846,29.77688,EG,EGY,Egypt,,,101930276,1.94%,1946331,103,995450,-38033,3.3,25,43%,1.31%,,,,,,,0.02588436,39.7683
19450,23631340,6/1/2020,2653,71,46,0,1063,23,13.73301,-88.8665,SV,SLV,El Salvador,,,6479609,0.51%,32652,313,20720,-40539,2.1,28,73%,0.08%,,,,,,,0.040943829,120.8493
20038,22918584,6/1/2020,1306,0,12,0,200,0,1.56701,10.46589,GQ,GNQ,Equatorial Guinea,,,1392950,3.47%,46999,50,28050,16000,4.6,22,73%,0.02%,,,,,,,0.093757852,19.305
20108,22918678,6/1/2020,39,0,0,0,39,0,15.35995,38.84568,ER,ERI,Eritrea,,,3536285,1.41%,49304,35,101000,-39858,4.1,19,63%,0.05%,,,,,,,0.001102852,13.5135
20204,23635218,6/1/2020,1870,1,68,0,1625,1,58.68367,25.8387,EE,EST,Estonia,,,1326357,0.07%,887,31,42390,3911,1.6,42,68%,0.02%,,,,,,,0.140987683,11.9691
20285,22918638,6/1/2020,293,8,3,1,194,5,-26.56522,31.49812,SZ,SWZ,Eswatini,,,1157707,1.05%,12034,67,17200,-8353,3,21,30%,0.01%,,,,,,,0.025308649,25.8687
20366,22918586,6/1/2020,1257,85,12,1,217,8,8.62248,39.63431,ET,ETH,Ethiopia,,,114357494,2.57%,2884858,115,1000000,30000,4.3,19,21%,1.47%,,,,,,,0.001099185,44.4015
20424,22918700,6/1/2020,13,0,0,0,13,0,-51.74551,-58.75211,FK,FLK,Falkland Islands,,,3458,3.05%,103,0,12170,,N.A.,N.A.,66%,0.00%,,,,,,,0.37593985,0
20583,23540138,6/1/2020,18,0,0,0,15,0,-17.83541,177.9633,FJ,FJI,Fiji,,,895128,0.73%,6492,49,18270,-6202,2.8,28,59%,0.01%,,,,,,,0.002010886,18.9189
20709,23158679,6/1/2020,6888,11,318,1,5500,0,64.51989,26.283,FI,FIN,Finland,,,5539002,0.15%,8564,18,303890,14000,1.5,43,86%,0.07%,,,,,,,0.124354532,6.9498
20838,23370197,6/1/2020,152091,338,28833,31,68440,85,46.62184,2.45194,FR,FRA,France,,,65244628,0.22%,143783,119,547557,36527,1.9,42,82%,0.84%,,,,,,,0.233108847,45.9459
20998,22918674,6/1/2020,60,0,0,0,60,0,-17.6774,-149.401,PF,PYF,French Polynesia,,,280580,0.58%,1621,77,3660,-1000,2,34,64%,0.00%,,,,,,,0.021384275,29.7297
21116,22918559,6/1/2020,2655,0,17,0,722,0,-0.62383,11.78153,GA,GAB,Gabon,,,2214593,2.45%,53155,9,257670,3260,4,23,87%,0.03%,,,,,,,0.119886589,3.4749
21268,23594328,6/1/2020,794,11,12,0,624,19,41.71666,44.78333,GE,GEO,Georgia,,,3990681,-0.19%,-7598,57,69490,-10000,2.1,38,58%,0.05%,,,,,,,0.019896354,22.0077
21450,23545891,6/1/2020,181815,333,8511,11,165834,608,51.12181,10.40069,DE,DEU,Germany,,,83730223,0.32%,266897,240,348560,543822,1.6,46,76%,1.07%,,,,,,,0.217143814,92.664
22559,22918769,6/1/2020,8070,189,36,0,2947,106,7.96067,-1.20761,GH,GHA,Ghana,,,30936375,2.15%,655084,137,227540,-10000,3.9,22,57%,0.40%,,,,,,,0.026085797,52.8957
22636,22918650,6/1/2020,170,0,0,0,151,2,36.13597,-5.34863,GI,GIB,Gibraltar,,,33693,-0.03%,-10,3369,10,,N.A.,N.A.,N.A.,0.00%,,,,,,,0.504555842,1300.7709
22733,23323438,6/1/2020,2918,1,179,4,1374,0,39.34744,22.57127,GR,GRC,Greece,,,10433037,-0.48%,-50401,81,128900,-16000,1.3,46,85%,0.13%,,,,,,,0.027968846,31.2741
22808,22918701,6/1/2020,13,0,0,0,11,0,74.75581,-41.39417,GL,GRL,Greenland,,,56750,0.17%,98,0,410450,,N.A.,N.A.,87%,0.00%,,,,,,,0.022907489,0
22876,22918689,6/1/2020,23,0,0,0,18,0,12.11384,-61.68375,GD,GRD,Grenada,,,112418,0.46%,520,331,340,-200,2.1,32,35%,0.00%,,,,,,,0.020459357,127.7991
22944,22919424,6/1/2020,145,0,10,0,68,0,16.25,-61.58333,GP,GLP,Guadeloupe,,,400110,0.02%,68,237,1690,-1440,2.2,44,N.A.,0.01%,,,,,,,0.036240034,91.5057
23050,23594350,6/1/2020,175,2,5,0,143,0,13.44371,144.7777,GU,GUM,Guam,,,168474,0.89%,1481,313,540,-506,2.3,31,95%,0.00%,,,,,,,0.103873595,120.8493
23130,22918545,6/1/2020,5087,348,108,6,735,29,15.69611,-90.35709,GT,GTM,Guatemala,,,17846248,1.90%,334096,167,107160,-9215,2.9,23,52%,0.23%,,,,,,,0.028504591,64.4787
23296,22918550,6/1/2020,3844,69,23,0,2135,105,10.43706,-10.93497,GN,GIN,Guinea,,,13056478,2.83%,361549,53,245720,-4000,4.7,18,39%,0.17%,,,,,,,0.029441324,20.4633
23363,22918582,6/1/2020,1339,28,8,0,53,11,12.03769,-14.958,GW,GNB,Guinea-Bissau,,,1958132,2.45%,47079,70,28120,-1399,4.5,19,45%,0.03%,,,,,,,0.068381498,27.027
23446,23587384,6/1/2020,153,0,12,0,70,3,4.97839,-59.08846,GY,GUY,Guyana,,,785788,0.48%,3786,4,196850,-6000,2.5,27,27%,0.01%,,,,,,,0.019470901,1.5444
23521,22918566,6/1/2020,2124,259,44,3,24,0,18.93352,-72.67459,HT,HTI,Haiti,,,11373955,1.24%,139451,414,27560,-35000,3,24,57%,0.15%,,,,,,,0.018674243,159.8454
23605,22918543,6/1/2020,5202,108,212,11,537,1,14.82382,-86.59754,HN,HND,Honduras,,,9871892,1.63%,158490,89,111890,-6800,2.5,24,57%,0.13%,,,,,,,0.052695066,34.3629
24461,23612889,6/1/2020,3892,16,527,1,2156,9,47.16519,19.41204,HU,HUN,Hungary,,,9665192,-0.25%,-24328,107,90530,6000,1.5,43,72%,0.12%,,,,,,,0.040268212,41.3127
25432,23577152,6/1/2020,1806,0,10,0,1794,0,64.98364,-18.5771,IS,ISL,Iceland,,,340795,0.65%,2212,3,100250,380,1.8,37,94%,0.00%,,,,,,,0.529937352,1.1583
25556,23552958,6/1/2020,190535,8392,5394,230,91819,4835,22.49312,79.72701,IN,IND,India,,,1377233523,0.99%,13586631,464,2973190,-532687,2.2,28,35%,17.70%,,,,,,,0.013834618,179.1504
38303,23646760,6/1/2020,26940,467,1641,28,7637,329,-0.21012,113.9972,ID,IDN,Indonesia,,,272931713,1.07%,2898047,151,1811570,-98955,2.3,30,56%,3.51%,,,,,,,0.009870601,58.3011
39934,23180877,6/1/2020,154445,2979,7878,81,121004,2156,32.56426,54.30367,IR,IRN,Iran,,,83771587,1.30%,1079043,52,1628550,-55000,2.2,32,76%,1.08%,,,,,,,0.184364419,20.0772
41239,23332335,6/1/2020,6868,429,215,10,3275,119,33.04443,43.77518,IQ,IRQ,Iraq,,,40031626,2.32%,912710,93,434320,7834,3.7,21,73%,0.52%,,,,,,,0.017156435,35.9073
41334,23302418,6/1/2020,25062,72,1650,1,22089,0,53.18499,-8.14689,IE,IRL,Ireland,,,4926480,1.13%,55291,72,68890,23604,1.8,38,63%,0.06%,,,,,,,0.508720222,27.7992
41410,23278898,6/1/2020,336,0,24,0,311,2,54.22896,-4.53757,IM,IMN,Isle of Man,,,84942,0.53%,449,149,570,,N.A.,N.A.,53%,0.00%,,,,,,,0.395564032,57.5289
41513,23635034,6/1/2020,17169,98,285,0,14826,14,31,35,IL,ISR,Israel,,,8627444,1.60%,136158,400,21640,10000,3,30,93%,0.11%,,,,,,,0.199004479,154.44
41638,23285353,6/1/2020,233197,200,33475,60,158355,848,43.52903,12.16218,IT,ITA,Italy,,,60479424,-0.15%,-88249,206,294140,148943,1.3,47,69%,0.78%,,,,,,,0.385580722,79.5366
43458,22918619,6/1/2020,586,5,9,0,311,21,18.236,-77.364,JM,JAM,Jamaica,,,2958567,0.44%,12888,273,10830,-11332,2,31,55%,0.04%,,,,,,,0.019806886,105.4053
43591,22918734,6/1/2020,16884,40,892,6,14406,0,36.65334,137.9817,JP,JPN,Japan,,,126552765,-0.30%,-383840,347,364555,71560,1.4,48,92%,1.62%,,,,,,,0.013341471,133.9767
46155,22918612,6/1/2020,746,6,9,0,535,13,31.24819,36.7881,JO,JOR,Jordan,,,10182442,1.00%,101440,115,88780,10220,2.8,24,91%,0.13%,,,,,,,0.007326337,44.4015
46236,23615351,6/1/2020,11308,450,41,3,5587,183,48.16011,67.26608,KZ,KAZ,Kazakhstan,,,18730568,1.21%,225280,7,2699700,-18000,2.8,31,58%,0.24%,,,,,,,0.060371901,2.7027
46318,22918569,6/1/2020,2021,59,69,5,482,8,0.53703,37.85678,KE,KEN,Kenya,,,53521116,2.28%,1197323,94,569140,-10000,3.5,20,28%,0.69%,,,,,,,0.00377608,36.2934
46500,23363795,6/1/2020,27762,719,220,8,12899,1513,29.33588,47.59549,KW,KWT,Kuwait,,,4257495,1.51%,63488,240,17820,39520,2.1,37,N.A.,0.05%,,,,,,,0.652073578,92.664
46577,23570569,6/1/2020,1817,69,16,0,1181,11,41.46427,74.55565,KG,KGZ,Kyrgyzstan,,,6501804,1.69%,108345,34,191800,-4000,3,26,36%,0.08%,,,,,,,0.02794609,13.1274
46646,22918692,6/1/2020,19,0,0,0,16,0,18.49556,103.768,LA,LAO,Laos,,,7253719,1.48%,106105,32,230800,-14704,2.7,24,36%,0.09%,,,,,,,0.000261935,12.3552
46738,23137338,6/1/2020,1071,3,24,0,745,0,56.85398,24.92746,LV,LVA,Latvia,,,1890218,-1.08%,-20545,30,62200,-14837,1.7,44,69%,0.02%,,,,,,,0.056660131,11.583
46840,22918587,6/1/2020,1233,13,27,1,715,3,33.92773,35.73729,LB,LBN,Lebanon,,,6831445,-0.44%,-30268,667,10230,-30012,2.1,30,78%,0.09%,,,,,,,0.01804889,257.5287
46860,22918716,6/1/2020,2,0,0,0,1,0,-29.58212,28.24688,LS,LSO,Lesotho,,,2138799,0.80%,16981,71,30360,-10047,3.2,24,31%,0.03%,,,,,,,9.35E-05,27.4131
46935,22918637,6/1/2020,296,8,27,0,159,2,6.44752,-9.31118,LR,LBR,Liberia,,,5032469,2.44%,120307,53,96320,-5000,4.4,19,53%,0.06%,,,,,,,0.005881805,20.4633
47004,22918651,6/1/2020,156,13,5,0,52,0,27.04183,18.03082,LY,LBY,Libya,,,6852010,1.38%,93840,4,1759540,-1999,2.3,29,78%,0.09%,,,,,,,0.002276704,1.5444
47092,22918669,6/1/2020,82,0,1,0,55,0,47.14127,9.55278,LI,LIE,Liechtenstein,,,38106,0.29%,109,238,160,,N.A.,N.A.,15%,0.00%,,,,,,,0.215189209,91.8918
47187,23646922,6/1/2020,1678,3,70,0,1236,0,55.33731,23.88354,LT,LTU,Lithuania,,,2729553,-1.35%,-37338,43,62674,-32780,1.7,45,71%,0.03%,,,,,,,0.061475267,16.6023
47281,23402412,6/1/2020,4019,1,110,0,3845,12,49.77682,6.09234,LU,LUX,Luxembourg,,,623861,1.66%,10249,242,2590,9741,1.5,40,88%,0.01%,,,,,,,0.644214016,93.4362
47452,22918609,6/1/2020,826,55,6,0,174,6,-19.38288,46.69585,MG,MDG,Madagascar,,,27539106,2.68%,721711,48,581795,-1500,4.1,20,39%,0.36%,,,,,,,0.002999371,18.5328
47513,22918633,6/1/2020,336,52,4,0,42,0,-13.36028,34.29305,MW,MWI,Malawi,,,19024426,2.69%,501205,203,94280,-16053,4.3,18,18%,0.25%,,,,,,,0.001766151,78.3783
47643,23653750,6/1/2020,7857,38,115,0,6404,51,3.60547,114.7107,MY,MYS,Malaysia,,,32280610,1.30%,416222,99,328550,50000,2,30,78%,0.42%,,,,,,,0.024339689,38.2239
47731,22884541,6/1/2020,1829,56,6,1,488,35,1.91231,73.54009,MV,MDV,Maldives,,,538558,1.81%,9591,1802,300,11370,1.9,30,35%,0.01%,,,,,,,0.33961059,695.7522
47800,22918583,6/1/2020,1315,50,78,1,744,28,17.35764,-3.52488,ML,MLI,Mali,,,20125282,3.02%,592802,17,1220190,-40000,5.9,16,44%,0.26%,,,,,,,0.00653407,6.5637
47887,23151838,6/1/2020,619,1,9,0,537,12,35.89056,14.43954,MT,MLT,Malta,,,441308,0.27%,1171,1380,320,900,1.5,43,93%,0.01%,,,,,,,0.140264849,532.818
47999,22918618,6/1/2020,588,58,26,3,36,9,20.25842,-10.33194,MR,MRT,Mauritania,,,4623535,2.74%,123962,5,1030700,5000,4.6,20,57%,0.06%,,,,,,,0.012717542,1.9305
48075,22918634,6/1/2020,335,0,10,0,322,0,-20.28356,57.57182,MU,MUS,Mauritius,,,1271347,0.17%,2100,626,2030,0,1.4,37,41%,0.02%,,,,,,,0.026350005,241.6986
48148,22919435,6/1/2020,221,0,3,0,77,0,-12.8275,45.16624,YT,MYT,Mayotte,,,271417,2.50%,6665,728,375,0,3.7,20,46%,0.00%,,,,,,,0.081424524,281.0808
48243,23463412,6/1/2020,93435,2771,10167,237,64326,2455,23.94062,-102.5251,MX,MEX,Mexico,,,128655589,1.06%,1357224,66,1943950,-60000,2.1,29,84%,1.65%,,,,,,,0.072624128,25.4826
49762,22918533,6/1/2020,8360,109,305,10,4622,41,47.20214,28.46545,MD,MDA,Moldova,,,4035814,-0.23%,-9300,123,32850,-1387,1.3,38,43%,0.05%,,,,,,,0.207145324,47.4903
49854,22918665,6/1/2020,99,0,4,0,90,0,43.73631,7.42331,MC,MCO,Monaco,,,39186,0.71%,278,26337,1,,N.A.,N.A.,N.A.,0.00%,,,,,,,0.252641249,10168.7157
49935,22918646,6/1/2020,185,2,0,0,44,0,46.83469,103.0676,MN,MNG,Mongolia,,,3267320,1.65%,53123,2,1553560,-852,2.9,28,67%,0.04%,,,,,,,0.005662133,0.7722
50012,22918636,6/1/2020,324,0,9,0,315,0,42.7851,19.24898,ME,MNE,Montenegro,,,628050,0.01%,79,47,13450,-480,1.8,39,68%,0.01%,,,,,,,0.051588249,18.1467
50074,22918706,6/1/2020,11,0,1,0,10,0,16.73917,-62.18928,MS,MSR,Montserrat,,,4991,0.06%,3,50,100,,N.A.,N.A.,10%,0.00%,,,,,,,0.220396714,19.305
50166,23627167,6/1/2020,7833,26,205,0,5893,434,31.8414,-6.28131,MA,MAR,Morocco,,,36820713,1.20%,438791,83,446300,-51419,2.4,30,64%,0.47%,,,,,,,0.021273352,32.0463
50239,22918641,6/1/2020,254,0,2,0,97,6,-17.2732,35.54749,MZ,MOZ,Mozambique,,,31067362,2.93%,889399,40,786380,-5000,4.9,18,38%,0.40%,,,,,,,0.000817578,15.444
50312,22918643,6/1/2020,230,2,6,0,138,8,21.18515,96.5192,MM,MMR,Myanmar,,,54335948,0.67%,364380,83,653290,-163313,2.2,29,31%,0.70%,,,,,,,0.000423293,32.0463
50390,22918686,6/1/2020,25,1,0,0,16,2,-22.13944,17.2218,,NAM,Namibia,,,2531290,1.86%,46375,3,823290,-4806,3.4,22,55%,0.03%,,,,,,,0.000987639,1.1583
50518,23474052,6/1/2020,1811,239,8,0,221,1,28.25914,83.94416,NP,NPL,Nepal,,,29027347,1.85%,528098,203,143350,41710,1.9,25,21%,0.37%,,,,,,,0.006238944,78.3783
50615,23192360,6/1/2020,46545,103,5962,6,,,52.34226,5.52816,NL,NLD,Netherlands,,,17127290,0.22%,37742,508,33720,16000,1.7,43,92%,0.22%,,,,,,,0.27175928,196.1388
51280,22918989,6/1/2020,18,0,0,0,18,0,-21.32697,165.4899,NC,NCL,New Caledonia,,,284938,0.97%,2748,16,18280,502,2,34,72%,0.00%,,,,,,,0.006317164,6.1776
51375,22918588,6/1/2020,1154,0,22,0,1131,0,-43.94764,170.5029,NZ,NZL,New Zealand,,,4814272,0.82%,39170,18,263310,14881,1.9,38,87%,0.06%,,,,,,,0.023970395,6.9498
51448,22918611,6/1/2020,759,0,35,0,370,0,12.84416,-85.03197,NI,NIC,Nicaragua,,,6608366,1.21%,79052,55,120340,-21272,2.4,26,57%,0.08%,,,,,,,0.011485441,21.2355
51523,22918601,6/1/2020,958,0,65,1,844,5,17.42058,9.40039,NE,NER,Niger,,,24014064,3.84%,895929,19,1266700,4000,7,15,17%,0.31%,,,,,,,0.003989329,7.3359
51619,22918755,6/1/2020,10578,416,299,12,3122,115,9.58545,8.09358,NG,NGA,Nigeria,,,205052107,2.58%,5175990,226,910770,-60000,5.4,18,52%,2.64%,,,,,,,0.005158689,87.2586
51716,23351106,6/1/2020,2315,89,140,7,1569,17,41.60046,21.70089,MK,MKD,North Macedonia,,,2083391,0.00%,-85,83,25220,-1000,1.5,39,59%,0.03%,,,,,,,0.111116924,32.0463
51790,22918064,6/1/2020,22,0,2,0,16,1,15.18882,145.7535,MP,MNP,Northern Mariana Islands,,,57490,0.60%,343,125,460,,N.A.,N.A.,88%,0.00%,,,,,,,0.038267525,48.2625
51887,22587322,6/1/2020,8352,0,236,0,7727,0,64.23893,13.95063,NO,NOR,Norway,,,5412632,0.79%,42384,15,365268,28000,1.7,40,83%,0.07%,,,,,,,0.154305706,5.7915
52521,23597153,6/1/2020,12223,786,50,1,2682,282,20.56961,56.09808,OM,OMN,Oman,,,5078933,2.65%,131640,16,309500,87400,2.9,31,87%,0.07%,,,,,,,0.240660784,6.1776
52619,23627064,6/1/2020,72460,2964,1543,60,26083,812,29.3542,68.80183,PK,PAK,Pakistan,,,219992900,2.00%,4327022,287,770880,-233379,3.6,23,35%,2.83%,,,,,,,0.032937427,110.8107
52934,22920574,6/1/2020,12131,-1332,320,-16,9514,2135,8.53104,-80.1345,PA,PAN,Panama,,,4300667,1.61%,68328,58,74340,11200,2.5,30,68%,0.06%,,,,,,,0.282072525,22.3938
53003,22918712,6/1/2020,8,0,0,0,8,0,-6.61368,144.2614,PG,PNG,Papua New Guinea,,,8911530,1.95%,170915,20,452860,-800,3.6,22,13%,0.11%,,,,,,,8.98E-05,7.722
53090,22918599,6/1/2020,995,16,11,0,488,86,-23.24196,-58.39277,PY,PRY,Paraguay,,,7114524,1.25%,87902,18,397300,-16556,2.4,26,62%,0.09%,,,,,,,0.013985475,6.9498
53588,23505899,6/1/2020,170039,5563,4634,128,68507,24920,-9.17124,-74.35688,PE,PER,Peru,,,32876986,1.42%,461401,26,1280000,99069,2.3,31,79%,0.42%,,,,,,,0.517197653,10.0386
54838,23646793,6/1/2020,18638,552,960,3,3979,70,15.94804,121.4226,PH,PHL,Philippines,,,109280343,1.35%,1464463,368,298170,-67152,2.6,26,47%,1.41%,,,,,,,0.017055217,142.0848
54930,23281982,6/1/2020,24159,373,1074,10,11449,178,52.12904,19.3937,PL,POL,Poland,,,37854825,-0.11%,-41157,124,306230,-29395,1.4,42,60%,0.49%,,,,,,,0.063820134,47.8764
55762,23384655,6/1/2020,32700,200,1424,14,19552,143,39.67991,-7.96867,PT,PRT,Portugal,,,10202571,-0.29%,-29478,111,91590,-6000,1.3,46,66%,0.13%,,,,,,,0.320507449,42.8571
56195,22918073,6/1/2020,3189,0,127,0,850,0,18.22506,-66.47891,PR,PRI,Puerto Rico,,,2874636,-2.47%,-72555,323,8870,-97986,1.2,44,N.A.,0.04%,,,,,,,0.110935785,124.7103
56290,22775865,6/1/2020,58433,1523,40,2,33437,3147,25.28533,51.19325,QA,QAT,Qatar,,,2870922,1.73%,48986,248,11610,40000,1.9,32,96%,0.04%,,,,,,,2.03533917,95.7528
56428,23164738,6/1/2020,19398,141,1270,11,13426,170,45.83913,24.98465,RO,ROU,Romania,,,19262731,-0.66%,-126866,84,230170,-73999,1.6,43,55%,0.25%,,,,,,,0.100702232,32.4324
56552,23621011,6/1/2020,414878,9035,4855,162,175877,3994,61.76019,99.87685,RU,RUS,Russia,,,145922010,0.04%,62206,9,16376870,182456,1.8,40,74%,1.87%,,,,,,,0.284314888,3.4749
60478,22918921,6/1/2020,377,7,1,0,262,6,-1.99999,29.92606,RW,RWA,Rwanda,,,12883878,2.58%,325268,525,24670,-9000,4.1,20,18%,0.17%,,,,,,,0.002926138,202.7025
60671,22918697,6/1/2020,18,0,0,0,18,0,13.89855,-60.96731,LC,LCA,Saint Lucia,,,183458,0.46%,837,301,610,0,1.4,34,19%,0.00%,,,,,,,0.00981151,116.2161
60892,22918615,6/1/2020,671,0,42,0,359,15,43.93813,12.46339,SM,SMR,San Marino,,,33917,0.21%,71,566,60,,N.A.,N.A.,97%,0.00%,,,,,,,1.978358935,218.5326
61066,23470626,6/1/2020,87142,1881,525,22,64306,1864,24.12412,44.5505,SA,SAU,Saudi Arabia,,,34701377,1.59%,545343,16,2149690,134979,2.3,32,84%,0.45%,,,,,,,0.251119718,6.1776
61159,22918551,6/1/2020,3739,94,41,0,1858,57,14.35961,-14.46846,SN,SEN,Senegal,,,16649599,2.75%,447563,87,192530,-20000,4.7,19,49%,0.21%,,,,,,,0.022456997,33.5907
61247,23396658,6/1/2020,11430,18,244,1,6726,28,44.23085,20.79377,RS,SRB,Serbia,,,8744288,-0.40%,-34864,100,87460,4000,1.5,42,56%,0.11%,,,,,,,0.130713901,38.61
61323,22918707,6/1/2020,11,0,0,0,11,0,-4.67866,55.4673,SC,SYC,Seychelles,,,98224,0.62%,608,214,460,-200,2.5,34,56%,0.00%,,,,,,,0.011198892,82.6254
61386,23221632,6/1/2020,865,4,46,0,475,21,8.54897,-11.80418,SL,SLE,Sierra Leone,,,7942879,2.10%,163768,111,72180,-4200,4.3,19,43%,0.10%,,,,,,,0.010890258,42.8571
61518,23631180,6/1/2020,35292,408,24,1,22466,767,1.29018,103.852,SG,SGP,Singapore,,,5840996,0.79%,46005,8358,700,27028,1.2,42,N.A.,0.08%,,,,,,,0.604212021,3227.0238
61607,23130124,6/1/2020,1522,0,28,0,1368,2,48.70749,19.48488,SK,SVK,Slovakia,,,5459116,0.05%,2629,114,48088,1485,1.5,41,54%,0.07%,,,,,,,0.027879972,44.0154
61697,23192764,6/1/2020,1474,1,108,1,1358,1,46.11956,14.82176,SI,SVN,Slovenia,,,2078881,0.01%,284,103,20140,2000,1.6,45,55%,0.03%,,,,,,,0.070903529,39.7683
61776,22918568,6/1/2020,2023,54,79,3,361,13,6.53365,48.07617,SO,SOM,Somalia,,,15798020,2.92%,450317,25,627340,-40000,6.1,17,47%,0.20%,,,,,,,0.012805402,9.6525
61865,23357508,6/1/2020,34357,1674,705,22,17291,482,-29.00231,25.08032,ZA,ZAF,South Africa,,,59154802,1.28%,750420,49,1213090,145405,2.4,28,67%,0.76%,,,,,,,0.058079816,18.9189
61999,23488292,6/1/2020,11541,38,272,1,10422,17,36.45116,127.8611,KR,KOR,South Korea,,,51260395,0.09%,43877,527,97230,11731,1.1,44,82%,0.66%,,,,,,,0.022514458,203.4747
63017,22918889,6/1/2020,994,0,10,0,6,0,7.28355,30.32614,SS,SSD,South Sudan,,,11166783,1.19%,131612,18,610952,-174200,4.7,19,25%,0.14%,,,,,,,0.0089014,6.9498
63140,23275251,6/1/2020,287012,294,27127,0,150376,0,40.3877,-3.55739,ES,ESP,Spain,,,46751175,0.04%,18002,94,498800,40000,1.3,45,80%,0.60%,,,,,,,0.613913982,36.2934
64939,23119546,6/1/2020,1633,13,11,1,811,10,7.64165,80.69198,LK,LKA,Sri Lanka,,,21395196,0.42%,89516,341,62710,-97986,2.2,34,18%,0.27%,,,,,,,0.007632555,131.6601
65089,22918544,6/1/2020,5173,1539,298,152,1522,99,15.98318,29.9493,SD,SDN,Sudan,,,43632213,2.42%,1036022,25,1765048,-50000,4.4,20,35%,0.56%,,,,,,,0.011855919,9.6525
65165,23382216,6/1/2020,44,21,1,0,9,-1,4.13907,-55.91133,SR,SUR,Suriname,,,585561,0.90%,5260,4,156000,-1000,2.4,29,65%,0.01%,,,,,,,0.007514162,1.5444
65289,22918598,6/1/2020,37814,272,4403,8,4971,0,62.82179,16.73539,SE,SWE,Sweden,,,10086531,0.63%,62886,25,410340,40000,1.9,41,88%,0.13%,,,,,,,0.374895988,9.6525
66384,22918656,6/1/2020,30871,9,1657,0,28500,100,46.80021,8.2292,CH,CHE,Switzerland,,,8641786,0.74%,63257,219,39516,52000,1.5,43,74%,0.11%,,,,,,,0.357229397,84.5559
67977,22918659,6/1/2020,123,1,5,1,46,3,35.02482,38.52185,SY,SYR,Syria,,,17410293,2.52%,430523,95,183630,-427391,2.8,26,60%,0.22%,,,,,,,0.000706479,36.6795
68110,23590016,6/1/2020,443,1,7,0,427,6,23.74899,120.9713,TW,TWN,Taiwan,,,23808164,0.18%,42899,673,35410,30001,1.2,42,79%,0.31%,,,,,,,0.001860706,259.8453
68144,22918547,6/1/2020,4013,83,47,0,2089,85,38.52513,71.03881,TJ,TJK,Tajikistan,,,9492342,2.32%,216627,68,139960,-20000,3.6,22,27%,0.12%,,,,,,,0.042276184,26.2548
68221,22918621,6/1/2020,509,0,21,0,183,0,-6.26755,34.81096,TZ,TZA,Tanzania,,,59368313,2.98%,1728755,67,885800,-40076,4.9,18,37%,0.77%,,,,,,,0.00085736,25.8687
68354,23621296,6/1/2020,3082,1,57,0,2965,2,15.13067,101.0178,TH,THA,Thailand,,,69764925,0.25%,174396,137,510890,19444,1.5,40,51%,0.90%,,,,,,,0.004417693,52.8957
68472,22918982,6/1/2020,24,0,0,0,24,0,-8.79742,125.9454,TL,TLS,Timor-Leste,,,1313184,1.96%,25326,89,14870,-5385,4.1,21,33%,0.02%,,,,,,,0.001827619,34.3629
68559,22918627,6/1/2020,443,1,13,0,215,4,8.53076,0.97681,TG,TGO,Togo,,,8237580,2.43%,196358,152,54390,-2000,4.4,19,43%,0.11%,,,,,,,0.005377793,58.6872
68637,22918957,6/1/2020,117,0,8,0,108,0,10.42375,-61.29653,TT,TTO,Trinidad and Tobago,,,1398579,0.32%,4515,273,5130,-800,1.7,36,52%,0.02%,,,,,,,0.008365634,105.4053
68729,22918880,6/1/2020,1084,2,48,0,964,4,34.11446,9.57199,TN,TUN,Tunisia,,,11793319,1.06%,123900,76,155360,-4000,2.2,33,70%,0.15%,,,,,,,0.009191645,29.3436
68813,23305459,6/1/2020,164769,827,4563,23,128947,974,39.05101,34.93034,TR,TUR,Turkey,,,84153250,1.09%,909452,110,769630,283922,2.1,32,76%,1.08%,,,,,,,0.19579636,42.471
68982,22918671,6/1/2020,69,0,6,0,61,0,17.73293,-64.76649,VI,VIR,U.S. Virgin Islands,,,104456,-0.15%,-153,298,350,-451,2,43,96%,0.00%,,,,,,,0.066056521,115.0578
69054,22918624,6/1/2020,457,40,0,0,72,0,1.27728,32.3897,UG,UGA,Uganda,,,45427637,3.32%,1471413,229,199810,168694,5,17,26%,0.59%,,,,,,,0.001005996,88.4169
69145,23666983,6/1/2020,24340,328,727,9,9690,152,49.16029,31.27812,UA,UKR,Ukraine,,,43785122,-0.59%,-259876,75,579320,10000,1.4,41,69%,0.56%,,,,,,,0.055589659,28.9575
69270,23155138,6/1/2020,35192,635,266,2,18338,406,23.90718,54.33353,AE,ARE,United Arab Emirates,,,9865845,1.23%,119873,118,83600,40000,1.4,33,86%,0.13%,,,,,,,0.356705381,45.5598
69394,23663244,6/1/2020,276332,1570,39369,324,,,53.94384,-2.55056,GB,GBR,United Kingdom,,,67814098,0.53%,355839,281,241930,260650,1.8,40,83%,0.87%,,,,,,,0.407484591,108.4941
78355,23549510,6/1/2020,1794534,16070,98437,478,411898,13806,39.49591,-98.98998,US,USA,United States,,,330610570,0.59%,1937734,36,9147420,954806,1.8,38,83%,4.25%,,,,,,,0.542793898,13.8996
263774,23210201,6/1/2020,825,2,23,1,654,0,-32.96974,-56.05606,UY,URY,Uruguay,,,3471314,0.35%,11996,20,175020,-3000,2,36,96%,0.04%,,,,,,,0.023766216,7.722
263866,22918552,6/1/2020,3702,79,15,0,2859,22,41.76349,63.15152,UZ,UZB,Uzbekistan,,,33368859,1.48%,487487,79,425400,-8863,2.4,28,50%,0.43%,,,,,,,0.011094176,30.5019
264033,23648911,6/1/2020,1662,152,17,3,302,0,7.15699,-66.22324,VE,VEN,Venezuela,,,28451828,-0.28%,-79889,32,882050,-653249,2.3,30,N.A.,0.36%,,,,,,,0.005841452,12.3552
264164,23663460,6/1/2020,328,0,0,0,293,14,16.16769,107.8391,VN,VNM,Vietnam,,,97160127,0.91%,876473,314,310070,-80000,2.1,32,38%,1.25%,,,,,,,0.000337587,121.2354
264240,22918630,6/1/2020,354,31,84,4,14,0,15.93455,47.54686,YE,YEM,Yemen,,,29687214,2.28%,664042,56,527970,-30000,3.8,20,38%,0.38%,,,,,,,0.001192433,21.6216
264316,22918590,6/1/2020,1089,32,7,0,912,133,-13.46313,27.78739,ZM,ZMB,Zambia,,,18273379,2.93%,522925,25,743390,-8000,4.7,18,45%,0.24%,,,,,,,0.005959489,9.6525
264389,22918647,6/1/2020,178,0,4,0,29,0,-19.00046,29.87184,ZW,ZWE,Zimbabwe,,,14818157,1.48%,217456,38,386850,-116858,3.6,19,38%,0.19%,,,,,,,0.001201229,14.6718
